{
  "IcoMoonType": "selection",
  "icons": [
    {
      "icon": {
        "paths": [
          "M512 512c94.257 0 170.667-76.41 170.667-170.667s-76.41-170.667-170.667-170.667v0c-94.257 0-170.667 76.41-170.667 170.667s76.41 170.667 170.667 170.667v0zM512 597.333c-113.948 0-341.333 57.173-341.333 170.667v42.667c0 23.438 19.172 42.667 42.667 42.667h597.333c23.438 0 42.667-19.228 42.667-42.667v-42.667c0-113.493-227.442-170.667-341.333-170.667z"
        ],
        "attrs": [
          {}
        ],
        "isMulticolor": false,
        "isMulticolor2": false,
        "grid": 0,
        "tags": [
          "person"
        ]
      },
      "attrs": [
        {}
      ],
      "properties": {
        "order": 21,
        "id": 4,
        "name": "person",
        "prevSize": 32
      },
      "setIdx": 0,
      "setId": 3,
      "iconIdx": 0
    },
    {
      "icon": {
        "paths": [
          "M796.217 632.775l-104.562-11.947c-2.88-0.359-6.212-0.564-9.593-0.564-22.626 0-43.109 9.172-57.934 24.002l-75.776 75.776c-117.415-60.602-210.724-153.929-269.677-267.904l-1.626-3.456 76.231-76.060c14.86-14.83 24.053-35.334 24.053-57.985 0-3.363-0.203-6.678-0.596-9.934l0.039 0.392-11.947-103.765c-4.951-41.196-39.692-72.818-81.819-72.818-0.036 0-0.071 0-0.107 0l-71.276-0c-46.535 0-85.22 38.684-82.375 85.22 21.845 351.573 302.99 632.32 654.222 654.165 46.478 2.844 85.22-35.84 85.22-82.375v-71.225c0.001-0.117 0.001-0.256 0.001-0.395 0-41.848-31.51-76.336-72.098-81.034l-0.379-0.036z"
        ],
        "attrs": [
          {}
        ],
        "isMulticolor": false,
        "isMulticolor2": false,
        "grid": 0,
        "tags": [
          "phone"
        ]
      },
      "attrs": [
        {}
      ],
      "properties": {
        "order": 22,
        "id": 3,
        "name": "phone",
        "prevSize": 32
      },
      "setIdx": 0,
      "setId": 3,
      "iconIdx": 1
    },
    {
      "icon": {
        "paths": [
          "M801.391 133.565h-534.261c-36.73 0-66.426 30.052-66.426 66.783l-0.356 400.696c0 36.73 30.052 66.783 66.783 66.783h534.261c36.73 0 66.783-30.052 66.783-66.783v-400.696c0-36.73-30.052-66.783-66.783-66.783zM788.035 275.501l-236.054 147.545c-5.040 3.15-11.162 5.019-17.72 5.019s-12.68-1.868-17.862-5.101l0.143 0.083-236.054-147.545c-8.405-5.025-13.946-14.077-13.946-24.424 0-15.663 12.697-28.36 28.36-28.36 5.824 0 11.238 1.755 15.741 4.766l-0.103-0.065 223.722 139.887 223.722-139.932c4.401-2.946 9.814-4.701 15.638-4.701 15.663 0 28.36 12.697 28.36 28.36 0 10.347-5.541 19.399-13.817 24.353l-0.129 0.072z"
        ],
        "attrs": [
          {}
        ],
        "width": 1069,
        "isMulticolor": false,
        "isMulticolor2": false,
        "grid": 0,
        "tags": [
          "email2"
        ]
      },
      "attrs": [
        {}
      ],
      "properties": {
        "order": 23,
        "id": 2,
        "name": "email2",
        "prevSize": 32
      },
      "setIdx": 0,
      "setId": 3,
      "iconIdx": 2
    },
    {
      "icon": {
        "paths": [
          "M853.333 233.7l-63.033-63.033-249.856 249.856-249.856-249.856-63.033 63.033 249.856 249.856-249.856 249.856 63.033 63.033 249.856-249.856 249.856 249.856 63.033-63.033-249.856-249.856 249.856-249.856z"
        ],
        "attrs": [
          {}
        ],
        "isMulticolor": false,
        "isMulticolor2": false,
        "grid": 0,
        "tags": [
          "close-black"
        ]
      },
      "attrs": [
        {}
      ],
      "properties": {
        "order": 24,
        "id": 1,
        "name": "close-black",
        "prevSize": 32
      },
      "setIdx": 0,
      "setId": 3,
      "iconIdx": 3
    },
    {
      "icon": {
        "paths": [
          "M200.397 486.605l-7.066-6.758-7.066 6.656-98.714 93.594 7.782 7.475 365.056 348.16 7.066-6.758 776.192-740.454-7.782-7.373-97.382-92.877-7.066 6.758-671.027 639.59-259.994-248.013z"
        ],
        "attrs": [
          {
            "fill": "rgb(255, 255, 255)",
            "stroke": "rgb(255, 255, 255)",
            "strokeLinejoin": "miter",
            "strokeLinecap": "butt",
            "strokeMiterlimit": "4",
            "strokeWidth": 20.480000000000004
          }
        ],
        "width": 1331,
        "isMulticolor": false,
        "isMulticolor2": false,
        "grid": 0,
        "tags": [
          "Vector"
        ]
      },
      "attrs": [
        {
          "fill": "rgb(255, 255, 255)",
          "stroke": "rgb(255, 255, 255)",
          "strokeLinejoin": "miter",
          "strokeLinecap": "butt",
          "strokeMiterlimit": "4",
          "strokeWidth": 20.480000000000004
        }
      ],
      "properties": {
        "order": 25,
        "id": 0,
        "name": "Vector",
        "prevSize": 32
      },
      "setIdx": 0,
      "setId": 3,
      "iconIdx": 4
    }
  ],
  "height": 1024,
  "preferences": {
    "showGlyphs": true,
    "showQuickUse": true,
    "showQuickUse2": true,
    "showSVGs": true,
    "fontPref": {
      "prefix": "icon-",
      "metadata": {
        "fontFamily": "icomoon"
      },
      "metrics": {
        "emSize": 1024,
        "baseline": 6.25,
        "whitespace": 50
      },
      "embed": false
    },
    "imagePref": {
      "prefix": "icon-",
      "png": false,
      "useClassSelector": true,
      "color": 0,
      "bgColor": 16777215,
      "classSelector": ".icon",
      "name": "icomoon",
      "height": 32,
      "columns": 16,
      "margin": 16
    },
    "historySize": 50,
    "showCodes": true,
    "gridSize": 16
  }
}